GoalProbability,WeightedExpectedGoals
0.852114858420989,0.0776755471495908
