GoalProbability,WeightedExpectedGoals
0.55335747905452,0.0844266969446917
