GoalProbability,WeightedExpectedGoals
0.425844326872953,0.0248907707760792
