GoalProbability,WeightedExpectedGoals
0.908184510472391,0.0716528585333272
