GoalProbability,WeightedExpectedGoals
0.452649798893797,0.0266430023548069
