GoalProbability,WeightedExpectedGoals
0.559683169179921,0.0438376398028336
