GoalProbability,WeightedExpectedGoals
0.51314939478579,0.042638988303486
