GoalProbability,WeightedExpectedGoals
0.281192380795423,0.0226096015447076
