GoalProbability,WeightedExpectedGoals
0.2672739343491,0.0397924177527808
