GoalProbability,WeightedExpectedGoals
0.444520892766559,0.0340953924655711
