GoalProbability,WeightedExpectedGoals
0.449120936830794,0.0308622342533443
