GoalProbability,WeightedProbabiliticGoals
0.79881683800561,0.0207759042405091
