GoalProbability,WeightedExpectedGoals
0.529204823510441,0.0671812695251588
