GoalProbability,WeightedExpectedGoals
0.490191164354762,0.0454654938677479
