GoalProbability,WeightedExpectedGoals
0.578741864550987,0.078909604322098
