GoalProbability,WeightedExpectedGoals
0.410039868795932,0.066367770950843
