GoalProbability,WeightedExpectedGoals
0.64182642965869,0.0710702238574535
