GoalProbability,WeightedExpectedGoals
0.454658668376072,0.0382858481135454
