GoalProbability,WeightedExpectedGoals
0.443732761551646,0.0624639683386053
