GoalProbability,WeightedExpectedGoals
0.452207315189322,0.0903878091400877
