GoalProbability,WeightedExpectedGoals
0.41763114584913,0.0401026114038318
