GoalProbability,WeightedExpectedGoals
0.49354002737675,0.0279415935728403
