GoalProbability,WeightedExpectedGoals
0.524269272627641,0.0755042505723762
