GoalProbability,WeightedExpectedGoals
0.906209350032736,0.0956608616165463
