GoalProbability,WeightedExpectedGoals
0.578741864550987,0.0765568407021819
