GoalProbability,WeightedExpectedGoals
0.678977962084396,0.0620126071299307
