GoalProbability,WeightedExpectedGoals
0.409771742305789,0.0445403042708035
