GoalProbability,WeightedExpectedGoals
0.482280622732926,0.107771135208885
