GoalProbability,WeightedExpectedGoals
0.410641824747527,0.0620221032329792
