GoalProbability,WeightedExpectedGoals
0.48193610976472,0.0457612366179312
