GoalProbability,WeightedExpectedGoals
0.381695481597448,0.0842051636165328
