GoalProbability,WeightedExpectedGoals
0.80668755611926,0.0498913056034576
