GoalProbability,WeightedExpectedGoals
0.628955907149543,0.100096172708108
