GoalProbability,WeightedExpectedGoals
0.422577834491446,0.0896778445428193
