GoalProbability,WeightedExpectedGoals
0.493263956086663,0.0552810515722777
