GoalProbability,WeightedExpectedGoals
0.551744988847436,0.0328866067777139
