GoalProbability,WeightedExpectedGoals
0.49354002737675,0.07848106942501
