GoalProbability,WeightedExpectedGoals
0.51314939478579,0.044729430879042
