GoalProbability,WeightedExpectedGoals
0.417617595703532,0.0542444849601341
