GoalProbability,WeightedExpectedGoals
0.49354002737675,0.0861970312763266
