GoalProbability,WeightedExpectedGoals
0.4407796443329,0.11341200745878
