GoalProbability,WeightedExpectedGoals
0.53087402259553,0.0894951954851445
