GoalProbability,WeightedExpectedGoals
0.449120936830794,0.0300297055910815
