GoalProbability,WeightedExpectedGoals
0.391813078896962,0.0543636789089744
