GoalProbability,WeightedExpectedGoals
0.730435320785373,0.109412094779427
