GoalProbability,WeightedExpectedGoals
0.541513077282181,0.117221675011451
