GoalProbability,WeightedExpectedGoals
0.799064824414387,0.0706282315675872
