GoalProbability,WeightedExpectedGoals
0.80668755611926,0.14923670736821
