GoalProbability,WeightedExpectedGoals
0.945842301667669,0.0798862174105154
