GoalProbability,WeightedExpectedGoals
0.528327153591123,0.114320258664355
