GoalProbability,WeightedExpectedGoals
0.596928936377991,0.122348273812442
