GoalProbability,WeightedExpectedGoals
0.388647627917212,0.0380350609244531
