GoalProbability,WeightedExpectedGoals
0.535952583138827,0.0424243287614881
