GoalProbability,WeightedExpectedGoals
0.590401316555008,0.0484176981826381
