GoalProbability,WeightedExpectedGoals
0.397254768981535,0.091239086370596
