GoalProbability,WeightedExpectedGoals
0.471573427848488,0.0325766059566928
