GoalProbability,WeightedExpectedGoals
0.457735200465228,0.0589539235355092
