GoalProbability,WeightedExpectedGoals
0.456604516216223,0.14923670736821
