GoalProbability,WeightedExpectedGoals
0.49335556689921,0.110439904226267
