GoalProbability,WeightedExpectedGoals
0.581678345492182,0.063399498512105
