GoalProbability,WeightedExpectedGoals
0.464279614162028,0.096132005099622
