GoalProbability,WeightedExpectedGoals
0.559683169179921,0.114191212335339
