GoalProbability,WeightedExpectedGoals
0.559683169179921,0.0483353725617638
