GoalProbability,WeightedExpectedGoals
0.368902872653959,0.0358637423686515
