GoalProbability,WeightedExpectedGoals
0.493263956086663,0.0566992072183489
