GoalProbability,WeightedExpectedGoals
0.481038370650574,0.0577934095176066
